序号,百度用户名,社区用户名,社区UID,社区曾用名
1,912394,,,
2,lahztc1,,,
3,R大次郎,yuyangmiau,18,
4,sbs452,,,
5,dd16168,,,
6,LLX奶油马里奥,LLX奶油马里奥,22,
7,MarioHappy_17,,,
8,玛丽奥中级玩家,E哥の马中,129,
9,newlife2017,newlife2017,2,
10,zqh——123,zqh——123,4,
11,wyiming6688,Sunlight,17,
12,僵尸广告歌,冥の归,68,
13,马里奥奥里马,马里奥奥里马,19,
14,nmnmoooh,nmnmoooh,6,
15,大幽灵王,CivilCode,114,
16,毒蘑菇vn,毒蘑菇vn,112,
17,shasdo,,,
18,Fahlee_5,Fahlee,28,
19,123568024,123568024,26,
20,下辈子当个Blu,,,
21,bluesun0505,蓝太阳,80,
22,三条海里4498,,,
23,gaere54,gaere54,59,
24,dodoufatch,大D！*dod,89,
25,010802cyn,,,
26,AAArororo,,,
27,祝贺高考成功,Bostoncake,83,
28,duanxiaoqi1234,,,
29,1168438795,1168438795,11,
30,百步穿杨又飞剑,哈德萝·戈德纹,58,
31,xi7yang3,xiyangQAQ,16,
32,快乐mario8,快乐mario9,71,
33,yxr000504,,,
34,bzshzpm,,,
35,大爷23大买卖吗,大爷,54,大爷23大买卖吗
36,Love雪2000,,,
37,xise小候侯,,,
38,玛丽的死对头,玛丽的死对头,67,
39,和蔼的大马里奥,,,
40,Garfreld,,,
41,chaojimali1201,chaojimali1201,121,
42,毒蘑菇小Mario,,,
43,水银龟,水银龟,70,
44,俺滴娘7,,,
45,dasasdhba,dasasdhba,10,
46,梦幻的天堂乐园,,,
47,869956924,,,
48,窘彳,,,
49,节操都去哪了01,,,
50,suteaury,Hypercube,69,
51,悲伤的快乐云,快乐的快乐云,201,
52,我爱吃烧饼哈哈,,,
53,把僵尸炖了,一只果果果果果,13,把僵尸炖了
54,835743384,冥の归,68,
55,我懂你不懂的lz,我懂你不懂的lz,43,
56,小皓宇Tom,小皓宇Tom,29,
57,天碧苑,Tian-BY,124,
58,残剑魔帝,,,
59,Lakitu01,,,
60,s小s飞s侠s,s小s飞s侠s,7,
61,莫阵剑影,,,
62,yjs2005219,混沌卡比.yjs,35,
63,字luo,Jira_Suyoru,206,
64,节操与天堂,,,
65,冻结的双重射手,冻结的双重射手,120,
66,878yfy,878yfy,62,
67,TNT与爬行者,TNT与爬行者,56,
68,烈火战神219,,,
69,张云天我最爱,,,
70,koopa4,克洛伊Prime,3,
71,巃嵸巋巚,LongZongKuiYan,31,
72,色粉堵塞,色粉堵塞,40,
73,番木瓜反抗,,,
74,无语的我456,,,
75,肥羊羊98,肥羊羊98,116,
76,王一凡01234567,ƒresh★LAKE,47,wyf01234567
77,无视我……,无视我233,9,
78,数字1528君,数字1528君,5,
79,绿色的糖果233,绿色的糖果,38,
80,2333ty,2333ty,39,
81,916熊二,,,
82,小鱼倾城,小鱼倾城,12,
83,6463喝喝了,6463喝喝了,95,
84,JJ带我飞,JJ带我飞,21,
85,1201297974_,1201297974,123,
86,阳光的石竹花,ZHIYUAN,147,
87,Hello_Andrew9,安德鲁斯123,82,Andrews123
88,超级玛丽迷01,超级玛丽迷01,158,
89,,124536,183,
90,,kangyi,320,
91,,有名氏,181,
92,,AngryStar6K,249,
